doc_id,entity_text,label,context,start_char,end_char
19,M235-35A,GRADE,"Typically, for example, a material classiﬁed as M235-35A would be preferred over an M270-50A steel grade.",6791,6799
10,50A470,GRADE,"Ring samples (outer diameter: 47 mm, inner diameter: 33 mm, and core thickness: 7 mm) for which electrical steel sheets in four steel grades (35A210, 35A300, 50A470, and 50A1300) were used as iron cores were made.",14434,14440
19,M270-50A,GRADE,"Typically, for example, a material classiﬁed as M235-35A would be preferred over an M270-50A steel grade.",6827,6835
18,50H310,GRADE,"(W/kg) 850 (T) (MPa) 15HTHI000 9.4 16.7 1.61 4 10 20HTH1200 10.9 21.3 1.63 420 20HTH1500 12.2 23.6 1.63 380 20HTH1800 13.4 28.4 1.68 270 Conventional I 35H250 17.0 40.4 1.66 402 I 50H310 25.1 53.7 1.67 412 40 35 Oi ""'"" 30 ~ III 25 IIIg 20 !!! 0",16361,16367
18,20HTH1800,GRADE,50H600 35H250 20HTH1500 15HTH1000 50H310 20HTH1800 20HTH1200 Grade Figure 10.,16602,16611
26,35A300,GRADE,"(Rotor cores consist of 35A300.) of rotor core material, such as the as-cold-rolled nonoriented electrical steel, resulted in a decrease in inductance difference.",10395,10401
22,50A1000,GRADE,"W10/50 W10/400 W1/10k 6.5% Si steel 0.10 1.80 0.51 5.7 8.3 23,000 0.1 Grain-oriented electrical steel sheet Si 3 wt% 0.10 2.00 0.72 7.2 18.0 24,000 0.8 0.23 2.00 0.29 7.8 30.0 92,000 Non-oriented electrical steel sheet Si 3 wt% 0.20 2.00 0.74 10.4 24.0 15,000 7.8 0.35 2.00 0.70 14.4 33.0 18,000 Fe-based amorphous 0.025 1.50 0.11 1.5 3.0 300,000 27 EPS type: column Motor type: brush DC 50A1000 50A700 50JNE300 0.0 0.2 0.4 0.6 1.0 0.8 1.2 Friction torque (50A1000=1)",14008,14015
18,20HST570Y,GRADE,I 20HST570Y,19206,19215
22,50JNE300,GRADE,"W10/50 W10/400 W1/10k 6.5% Si steel 0.10 1.80 0.51 5.7 8.3 23,000 0.1 Grain-oriented electrical steel sheet Si 3 wt% 0.10 2.00 0.72 7.2 18.0 24,000 0.8 0.23 2.00 0.29 7.8 30.0 92,000 Non-oriented electrical steel sheet Si 3 wt% 0.20 2.00 0.74 10.4 24.0 15,000 7.8 0.35 2.00 0.70 14.4 33.0 18,000 Fe-based amorphous 0.025 1.50 0.11 1.5 3.0 300,000 27 EPS type: column Motor type: brush DC 50A1000 50A700 50JNE300 0.0 0.2 0.4 0.6 1.0 0.8 1.2 Friction torque (50A1000=1)",14023,14031
18,35H250,GRADE,"(W/kg) 850 (T) (MPa) 15HTHI000 9.4 16.7 1.61 4 10 20HTH1200 10.9 21.3 1.63 420 20HTH1500 12.2 23.6 1.63 380 20HTH1800 13.4 28.4 1.68 270 Conventional I 35H250 17.0 40.4 1.66 402 I 50H310 25.1 53.7 1.67 412 40 35 Oi ""'"" 30 ~ III 25 IIIg 20 !!! 0",16333,16339
26,35A300,GRADE,"Iron loss, copper loss, and motor efﬁciency of test motors as a function of bride width of rotor core: (A) 900 r/m and (B) 5400 r/m (Open; 35A300, Solid; 690-MPa grade).",13570,13576
10,35A210,GRADE,"Ring samples (outer diameter: 47 mm, inner diameter: 33 mm, and core thickness: 7 mm) for which electrical steel sheets in four steel grades (35A210, 35A300, 50A470, and 50A1300) were used as iron cores were made.",14418,14424
19,M235-35A,GRADE,"At low frequencies, the M235-35A has lower iron losses, as expected by the classiﬁcation.",7128,7136
19,M235-35A,GRADE,"At 5 kHz, the behavior changes and the M235-35A actually has higher losses.",7233,7241
15,NO20,GRADE,A few NO20 un-joined laminations that have been laser-cut make up the first example.,53646,53650
18,15HTH1000,GRADE,50H600 35H250 20HTH1500 15HTH1000 50H310 20HTH1800 20HTH1200 Grade Figure 10.,16585,16594
10,50A1300,GRADE,"Ring samples (outer diameter: 47 mm, inner diameter: 33 mm, and core thickness: 7 mm) for which electrical steel sheets in four steel grades (35A210, 35A300, 50A470, and 50A1300) were used as iron cores were made.",14446,14453
10,35A300,GRADE,"Ring samples (outer diameter: 47 mm, inner diameter: 33 mm, and core thickness: 7 mm) for which electrical steel sheets in four steel grades (35A210, 35A300, 50A470, and 50A1300) were used as iron cores were made.",14426,14432
26,35A300,GRADE,"For the rotor core, 35A300, 690-MPa grade, and the as-cold-rolled nonoriented electrical steel were shaped by wire-cut method, and shaped pieces were stacked and then fastened by bolts, respectively.",7449,7455
18,35H250,GRADE,"I "" --:-=:~:=-:-..,.--, 500 600 700 800 Yield strength (MPa) 400 35H250 I0, ~ 20HSTISOY OL...----'-----'------''----'--_--'-_---''_-----l 300 50 r-------------------, 900 BOO 400 500 800 700 Yieldstrength (MPa) o'--........--......- ......--""""""--.......----J 300 50,...-----------------., 45 40 _35 ..ll:'J3l ..... 0 25 II);;;20 ~ 15 10 5 Figure 12.",19281,19287
26,35A300,GRADE,"For the stator core, 35A300 was shaped by etching method, and shaped pieces were stacked and then welded.",7344,7350
26,M300-35A,GRADE,The equivalent grade is M300-35A and M300- 35A5 in accordance with EN 10106 (2007) and IEC 60404-8-4 (1998).,5931,5939
26,35A300,GRADE,"6. Maximum displacement of rotor core in radial direction: (A) displace- ment during rotation and (B) displacement due to plastic deformation (Open; 35A300, Solid; 690-MPa grade).",15617,15623
18,35H250,GRADE,50H600 35H250 20HTH1500 15HTH1000 50H310 20HTH1800 20HTH1200 Grade Figure 10.,16568,16574
18,20HTH1200,GRADE,"(W/kg) 850 (T) (MPa) 15HTHI000 9.4 16.7 1.61 4 10 20HTH1200 10.9 21.3 1.63 420 20HTH1500 12.2 23.6 1.63 380 20HTH1800 13.4 28.4 1.68 270 Conventional I 35H250 17.0 40.4 1.66 402 I 50H310 25.1 53.7 1.67 412 40 35 Oi ""'"" 30 ~ III 25 IIIg 20 !!! 0",16231,16240
19,1.3 W/kg,CORE_LOSS,"Thin steel sheets are usually classiﬁed in the form of NO20-13, where 20 represents a 0.2 mm sheet and 13 indicates a maximum allowed iron loss of 1.3 W/kg at 1.0 T and 400 Hz.",5395,5403
22,W1/10k,CORE_LOSS,5 10 15 20 25 W10/400 6.5%Si steel Gradient Si steel Iron loss (W/kg) Thickness:0.10mm W0.5/20k W1/10k W2/5k W5/2k Fig.,18020,18026
22,W0.5/20k,CORE_LOSS,5 10 15 20 25 W10/400 6.5%Si steel Gradient Si steel Iron loss (W/kg) Thickness:0.10mm W0.5/20k W1/10k W2/5k W5/2k Fig.,18011,18019
15,16.337 W/kg,CORE_LOSS,"P15/50 and P10/400 were reduced to 2.6 W/kg and 16.337 W/kg, respectively, from 3.2 W/kg and 17.695 W/kg, or 17.7% and 7.6%, respectively.",49818,49829
22,W10/50,CORE_LOSS,"W10/50 W10/400 W1/10k 6.5% Si steel 0.10 1.80 0.51 5.7 8.3 23,000 0.1 Grain-oriented electrical steel sheet Si 3 wt% 0.10 2.00 0.72 7.2 18.0 24,000 0.8 0.23 2.00 0.29 7.8 30.0 92,000 Non-oriented electrical steel sheet Si 3 wt% 0.20 2.00 0.74 10.4 24.0 15,000 7.8 0.35 2.00 0.70 14.4 33.0 18,000 Fe-based amorphous 0.025 1.50 0.11 1.5 3.0 300,000 27 EPS type: column Motor type: brush DC 50A1000 50A700 50JNE300 0.0 0.2 0.4 0.6 1.0 0.8 1.2 Friction torque (50A1000=1)",13619,13625
9,0.85 W/kg,CORE_LOSS,"The losses achieved using this method were 0.85 W/kg when exposed to a magnetic ﬂux density of 1.7 T, with a sheet thickness of 0.23 mm.",67234,67243
18,W15/50,CORE_LOSS,"~ 7 <, ~p It) Mn ~ 6.5 :~ CIl CIl .2 .. ~ 6 0 5.5 Core loss W15/50 ~. ... . .",16543,16549
22,W1/10k,CORE_LOSS,0 2 4 6 8 10 12 Hysteresis loss Eddy current loss Iron loss (W/kg) W1/10k W0.5/20k 6.5%Si steel Gradient Si steel 6.5%Si steel Gradient Si steel Fig.,18162,18168
9,0.4 W/kg,CORE_LOSS,"Starting from an initial value of 15 W/kg at 1.5 T under 50 Hz of AC magnetization, core loss has been signiﬁcantly reduced and is now very close to the theoretical value of 0.4 W/kg [56].",34415,34423
21,0.22 W/kg,CORE_LOSS,"0.15 mm thick can be produced with losses as low as 0.22 W/kg, at 1.5 T, 60 Hz, after domain refinement [43].",36726,36735
15,3.2 W/kg,CORE_LOSS,"P15/50 and P10/400 were reduced to 2.6 W/kg and 16.337 W/kg, respectively, from 3.2 W/kg and 17.695 W/kg, or 17.7% and 7.6%, respectively.",49850,49858
10,W10/400,CORE_LOSS,"Although the iron loss at high frequency (W10/400) (iron loss under excitation of 1.0 T and 400 Hz) is inferior to that of general- purpose steel materials, the tensile strength is 1.5 times that of gen­ eral-purpose steel materials.",6816,6823
21,0.89 W/kg,CORE_LOSS,"A typical specification is, for example, 89-27-N5, which indicates a 0.27 mm thick (27) grain-oriented steel (N) whose guaranteed loss at 50 Hz (5), 1.5 T is 0.89 W/kg (89).",33685,33694
9,0.586 W/kg,CORE_LOSS,"For example, a 1 µm thick titanium carbide (TiC) coating deposited via chemical vapor deposition on 0.23 mm thick GOES effectively reduced losses to 0.586 W/kg [105].",71629,71639
21,2 W/kg,CORE_LOSS,"Losses as low as 2 W/kg, at 1.5 T, 50 Hz, in 0.35 mm thick material, is already being demanded [62].",58728,58734
9,3.5 W/kg,CORE_LOSS,"Alloys with aluminium concentrations higher than 1% showed the best magnetic properties, with a core loss of about 3.5 W/kg (at 1.5 Tesla and 60 Hz) and permeability close to 4000 g/Oe (at 1.5 Tesla and 60 Hz)",51117,51125
21,0.37 W/kg,CORE_LOSS,"The process is uneconomically slow at present and a long way from commercialisation, but the losses of 0.08 mm thick strip of 0.19 W/kg, at 1.3 T 50 Hz, and 0.37 W/kg, at 1.7 T, 50 Hz, potentially compete with the best amorp- hous material and silicon iron, respectively.",62820,62829
21,1.5 W/kg,CORE_LOSS,"It was 0.32 mm thick, with a loss around 1.5 W/kg, at 1.5 T, 50 Hz.",21837,21845
22,W10/400,CORE_LOSS,"W10/50 W10/400 W1/10k 6.5% Si steel 0.10 1.80 0.51 5.7 8.3 23,000 0.1 Grain-oriented electrical steel sheet Si 3 wt% 0.10 2.00 0.72 7.2 18.0 24,000 0.8 0.23 2.00 0.29 7.8 30.0 92,000 Non-oriented electrical steel sheet Si 3 wt% 0.20 2.00 0.74 10.4 24.0 15,000 7.8 0.35 2.00 0.70 14.4 33.0 18,000 Fe-based amorphous 0.025 1.50 0.11 1.5 3.0 300,000 27 EPS type: column Motor type: brush DC 50A1000 50A700 50JNE300 0.0 0.2 0.4 0.6 1.0 0.8 1.2 Friction torque (50A1000=1)",13626,13633
21,0.56 W/kg,CORE_LOSS,"At 1.7T SOHz, its loss was reported to be 0.56 W/kg, as good as the best laboratory- processed grain-oriented material.",54369,54378
22,W2/5k,CORE_LOSS,5 10 15 20 25 W10/400 6.5%Si steel Gradient Si steel Iron loss (W/kg) Thickness:0.10mm W0.5/20k W1/10k W2/5k W5/2k Fig.,18027,18032
15,2.69 W/kg,CORE_LOSS,"The results showed that the minimum iron loss was P15/50 = 2.69 W/kg and the highest magnetic induction was B50 = 1.719T. Because there is more residual stress relaxation at higher temperatures, annealing can reduce hysteresis losses more successfully, which helps to simultaneously improve permeability and core losses.",61078,61087
13,1.2 W/kg,CORE_LOSS,"As a result, the core loss was reduced to 1.2 W/kg at 1.5 T and 60 Hz.",119594,119602
18,W10/400,CORE_LOSS,"--'-__--' -'-_-' 10 Iron Loss, W10/400 (W/kg) Figure 1.",4585,4592
21,0.15 W/kg,CORE_LOSS,"It has been claimed that the limit in 0.3 mm thick strip is around 0.62 W/kg, at 50 Hz, 1.7 T, made up of an hysteresis component of 0.15 W/kg and an eddy- current component of 0.47 W/kg",35240,35249
13,6.5% Si,SI_CONTENT,"Although most GOES sheets are used at the power fre- quency of 50/60 Hz, there is a niche market for high frequency applications where ultra-thin (0.2–0.05 mm) or ultra high silicon (6.5% Si) GOES sheets have appar- ent advantages, i.e., much lower core losses than the conventional GOES sheets, zero magnetostriction, etc.",66511,66518
13,2.8% Si,SI_CONTENT,"Figure 17 compares the microstructures and textures of a 2.8% Si NOES after hot rolling and after hot band annealing.196 The layered, heter- ogenous microstructure after hot rolling (Figure 17(a)) is replaced by a more homogenous, equiaxed structure after hot band annealing (Figure 17(b)).",97052,97059
13,2.0% Si,SI_CONTENT,"Da Costa Paolinelli et al.199 investigated the effect of hot rolling ﬁnishing temperature (920–1120°C) on the grain size, texture, and magnetic properties of a 2.0% Si NOES after ﬁnal annealing.",92950,92957
13,4.5 wt% silicon,SI_CONTENT,"Muller M, Bailly D and Hirt G. Microstructure evolution and magnetic properties of a 4.5 wt% silicon steel produced by twin-roll casting.",146819,146834
13,2.8% Si,SI_CONTENT,"Microtextures of cold-rolled NOES: (a) inverse pole ﬁgure map of a 0.88% Si NOES,217 (b) inverse pole ﬁgure map of a 2.8% Si NOES,204 (c) texture of the 0.88% Si NOES, (d) texture of the 2.8% Si NOES.",109172,109179
13,6.5 wt% Si,SI_CONTENT,"Effect of Cu addition on microstructure, texture and magnetic properties of 6.5 wt% Si electrical steel.",166102,166112
13,2.1% Si,SI_CONTENT,Sha et al.225 studied the effect of asymmetric cold rolling on the ﬁnal recrystallisation texture and magnetic properties of a 2.1% Si NOES.,109481,109488
22,6.5% Si,SI_CONTENT,"To solve this problem, JFE Steel has successfully developed a chemical vapor deposition (CVD) process to manufacture thin sheets containing 6.5% Si",12171,12178
21,6% silicon,SI_CONTENT,"Paper DP-05, Intermg Con/., Brighton, UK 1990 60 NARITA, K., and YAMISHIRO, Y.: ‘Recent research on magnetic properties of rapidly quenched iron system alloy containing around 6% silicon’, IEEE Trans., 1980, MAG-16, pp.",75135,75145
2,0.50% Silicon,SI_CONTENT,"Manganese 1.35% 1.65% Silicon 0.15% 0.40% Magnesium alloy Aluminum 8.30% 9.70% Magnesium 88.60% 91.10% U.S. Department of Energy, Critical Materials Assessment 2023 215 Lightweighting Material Material Material Percentage Low Intensity Material Percentage High Intensity Manganese 0.15% 0.50% Silicon 0.05% 0.10% B1.5 Batteries in Electric Vehicles B1.5.1 Market Share Lithium-ion batteries are assumed to make up 100% of new EV and PHEV batteries over this period.",701474,701487
13,2.0% Si,SI_CONTENT,"The works of Hou et al.153 and Park et al.154 showed an increase of both electrical resistivity and core loss due to the grain reﬁnement induced by the addition of P. Tanaka and Yashiki155,156 reported that the addition of 0.1% P in a 2.0% Si electrical steel only slightly reduces the magnetic induction when the thickness of the steel is reduced, while for the steel with 0.01% P, the magnetic induction drops signiﬁcantly with the reduction of thickness.",75885,75892
15,0.57% silicon,SI_CONTENT,"One of the researches into annealing was to investigate the impact of annealing temperature and duration on the mechanical, magnetic, and microstructure characteristics of a low Silicon content, ultra-low Carbon content, and hot rolled steel with 0.05% Carbon, 0.57% silicon, and 0.21% aluminum.",34814,34827
13,4.2% Si,SI_CONTENT,Liu et al.208 studied the effect of hot band annealing on the texture of a 4.2% Si steel and it was shown that hot band annealing promoted the <100>//RD ﬁbre and supressed the γ-ﬁbre.,99911,99918
13,0.9 wt% silicon,SI_CONTENT,Texture evolution during skew cold rolling and annealing of a non-oriented electrical steel containing 0.9 wt% silicon.,172793,172808
13,6.5% Si,SI_CONTENT,Increasing the silicon content of relatively low silicon (< 3.2%) steel after it is cold rolled to produce 6.5% Si GOES using more cost effective and environment friendly methods (other than chemical vapour deposition) may also be a route to pursue.,66992,66999
13,3% silicon,SI_CONTENT,The effects of AlN on secondary recrystallization textures in cold rolled and annealed (001)[100] single crystals of 3% silicon iron.,148342,148352
9,3.2% silicon,SI_CONTENT,"Nevertheless, common commercial alloys usually contain up to 3.2% silicon to prevent brittleness during cold rolling.",8853,8865
15,2.97% silicon,SI_CONTENT,"Using an electron backscattered diffraction (EBSD) scanner and a scanning electron microscope, the effects of hot band annealing on the inclusions, texture, and magnetic properties of a 0.3 mm thick sheet of 2.97% silicon - 0.59% aluminum non-",13657,13670
9,3% silicon,SI_CONTENT,"These steels collectively boast an annual amount of production surpassing 12 million tons, with roughly 80% constituting non-oriented (NO) grades and the remaining 20% being grain-oriented (GO) steels containing 3% silicon.",10891,10901
21,6.5% silicon,SI_CONTENT,"Already textured alloys of 6.5% silicon, 2% nickel have been produced by combining rapid solidification with a powder technology route",64018,64030
13,2.0% Si,SI_CONTENT,Lee et al.215 investigated a 2.0% Si steel by producing hot bands with different grain sizes (150 and 500 μm) but almost the same texture (almost random).,102992,102999
13,3% silicon,SI_CONTENT,Iwayama K and Haratani T. The dissolution and precipitation behavior of ain and MnS in grain-oriented 3% silicon-steel with high permeability.,148636,148646
2,2.00% Silicon,SI_CONTENT,Lightweighting Material Material Material Percentage Low Intensity Material Percentage High Intensity Advanced High-Strength Steel Aluminum (AL) 0.50% 1.00% Carbon (C) 0.10% 0.30% Manganese (Mn) 1.00% 2.00% Silicon (Si) 0.50% 1.00% Aluminum cast Aluminum 90.10% 92.33% Magnesium (Mg) 0.20% 0.45% Manganese 0.18% 0.35% Silicon 6.50% 7.50% Titanium (Ti) 0.13% 0.25% Aluminum wrought Aluminum 95.00% 96.70% Magnesium 2.50% 3.40% Manganese 0.13% 0.31% Silicon 0.25% 0.46% High-Strength Steel,700900,700913
13,2.66% Si,SI_CONTENT,Schulte et al.152 examined the effect of up to 1.38% of Mn on 2.66% Si steel.,75339,75347
13,6.5% Si,SI_CONTENT,• 0.5% Cu increases plasticity and reduces core loss in 6.5% Si NOES.,86984,86991
15,40 MPa,MPA_VALUE,"It is crucial to emphasize that, even for misaligned grain that is, grains with an angle of up to 10∘between the rolling direction and the Goss texture a tensile stress of 40 MPa is sufficient to eradicate all lancet domains.",52350,52356
9,45 MPa,MPA_VALUE,"By chemically polishing GOES to a surface roughness of 0.05 µm and applying a tensile stress of 45 MPa, the authors observed an increase in the number of mobile domain walls, thereby reducing eddy current loss.",71948,71954
26,378 MPa,MPA_VALUE,"Stress was con- centrated on the bridge, and maximum value was 378 MPa for the conventional nonoriented electrical steel and 628 MPa for the high-strength nonoriented electrical steel.",16114,16121
26,628 MPa,MPA_VALUE,"Stress was con- centrated on the bridge, and maximum value was 378 MPa for the conventional nonoriented electrical steel and 628 MPa for the high-strength nonoriented electrical steel.",16176,16183
9,10 MPa,MPA_VALUE,"The application of tensile stress had different effects at different levels: below 10 MPa, it reduced domain size, while above 10 MPa, it improved the electrical steel’s performance through magnetization rotation in the rolling direction",72190,72196
9,10 MPa,MPA_VALUE,"The application of tensile stress had different effects at different levels: below 10 MPa, it reduced domain size, while above 10 MPa, it improved the electrical steel’s performance through magnetization rotation in the rolling direction",72146,72152
21,6 MPa,MPA_VALUE,"A 50% increase in loss, at a compressive stress of 6 MPa, is typical in single ribbons [56], and the sensitivity of the material to bending stress has been shown to be two to four times greater than that in high-permeability silicon iron",52330,52335
15,6 MPa,MPA_VALUE,It is crucial to stress that the stress pattern I is not generated and that this value cannot be regarded as HCr for compressive loads less than 6 MPa.,47030,47035
21,10 MPa,MPA_VALUE,"[33], tension of 10 MPa alone was found to produce up to 70% domain refinement, in some steels, and scratching could produce another 10% refinement on top of this [34].",29100,29106
15,6 MPa,MPA_VALUE,The domain structural pattern changes about 4-6 MPa to minimize the system’s overall energy.,46675,46680
21,1.2 MPa,MPA_VALUE,A stress of 1.2 MPa along the rolling direction was estimated.,26842,26849
9,1.5 T,FLUX_DENSITY,"An illustration of the changes in loss, permeability, and magnetostriction of a typical Grain-Oriented (GO) steel Epstein strip when magnetized along its longitudinal direction (RD) at 1.5 T and 50 Hz while simultaneously applying external stress along the same direction [27].",18970,18975
15,B8,FLUX_DENSITY,"Furthermore, for grades A and B, an indirect measure of intensity of Goss texture B8 is 1.78 Tesla and 1.88 Tesla, respectively.",32899,32901
9,B50,FLUX_DENSITY,"It was observed that a higher aluminium content in the steel led to lower magnetic ﬂux density (B50), while the B50/Bs ratio remained constant at about 0.84 for all aluminium fractions.",51330,51333
2,B8,FLUX_DENSITY,Electric Grid ............................................................................................................................... 228 B7.1 Material Intensity of Cu .................................................................................................. 228 B7.2 Material Intensity of ES .................................................................................................. 228 B8.,50411,50413
19,1.5 T,FLUX_DENSITY,"For the not fully recrystallized samples, the magnetic ﬁeld strength to reach 1.5 T at 50 Hz is very large.",24398,24403
19,1.0 T,FLUX_DENSITY,Iron loss at 1.0 T and 50 Hz as a function of grain size for all studied materials sorted by sheet thickness.,25216,25221
21,1.3 T,FLUX_DENSITY,"Hz, W/kg 0 64 Loss at 1.5 T 50 Hz, Wjkg 0.83 Specific apparent power at 1.3 T, VAjkg 0.69 Specific apparent power at 1.5 T, VAjkg 0.94 Coercive force, Ajm 6.4 Saturation induction, T 2.03 IEE PROCEEDINGS, Vol. 137, Pt.",50109,50114
21,1.5 T,FLUX_DENSITY,"It was 0.32 mm thick, with a loss around 1.5 W/kg, at 1.5 T, 50 Hz.",21850,21855
21,1.0 T,FLUX_DENSITY,"Silicon iron was first used in the UK in 1906, when its losses were 1-2 W/kg at 1.0 T, 50 Hz, but this was still a significant advance and it has been esti- mated [4] that, in the first 17 years of commercial pro- duction (since 1903 in the USA), silicon iron saved the electricity industry E230 x lo6 in reduced losses.",5571,5576
13,B50,FLUX_DENSITY,"The relatively large core loss at this temperature is mainly due to the small ﬁnal grain size (not optimal).17 Similarly, the magnetic ﬂux density at 5000 A/m (B50) does not match the texture, i.e., the maximum B50 is not at 800°C where the {100} is the stron- gest and the {111} is the weakest, but at 900°C (Figure 18(a)).",101089,101092
21,1.7T,FLUX_DENSITY,"At 1.7T SOHz, its loss was reported to be 0.56 W/kg, as good as the best laboratory- processed grain-oriented material.",54330,54334
21,1.3 T,FLUX_DENSITY,"The process is uneconomically slow at present and a long way from commercialisation, but the losses of 0.08 mm thick strip of 0.19 W/kg, at 1.3 T 50 Hz, and 0.37 W/kg, at 1.7 T, 50 Hz, potentially compete with the best amorp- hous material and silicon iron, respectively.",62803,62808
13,2.0 T,FLUX_DENSITY,"Future research and development With continued research and development in the past decades, the magnetic quality of GOES has been signiﬁ- cantly improved.27,124 However, since the 1970’s, the improvement of magnetic ﬂux density in GOES has been relatively small,125–129 as the magnetic induction (B8 = 2.0 T) is already very close to the saturation ﬂux density of 2.03 T (single {011}<100> crystal).130 While there is still some room to further reduce the core loss by reducing the sheet thickness and optimising the microstructure, the potential to improve the magnetic ﬂux density (B8) by texture optimisation is very limited as the deviation angle from the ideal Goss in high permeability GOES has already been reduced to about 3°, which is very close to the theoretical single crystal orientation.",65348,65353
9,1.5 T,FLUX_DENSITY,The addition of manganese resulted in a remarkable reduction of up to 8% in power loss at 1.5 T in non-oriented 2.4 wt% silicon iron.,59283,59288
21,1.7 T,FLUX_DENSITY,"It has been claimed that the limit in 0.3 mm thick strip is around 0.62 W/kg, at 50 Hz, 1.7 T, made up of an hysteresis component of 0.15 W/kg and an eddy- current component of 0.47 W/kg",35195,35200
15,B50,FLUX_DENSITY,"Three parameters were measured: iron loss P15/50 (1.5 Tesla and frequency of 50 Hz), magnetic induction B50 (about 5000A/m), and P10/400 (at 1.0 Tesla and 400 Hz).(14)",28904,28907
9,B50,FLUX_DENSITY,"It was observed that a higher aluminium content in the steel led to lower magnetic ﬂux density (B50), while the B50/Bs ratio remained constant at about 0.84 for all aluminium fractions.",51314,51317
9,1.5 T,FLUX_DENSITY,"In the case of non-oriented electrical steels, the total losses, at 1.5 T and 60 Hz, vary from 10 W/kg to 3 W/kg in the annealed condition, as indicated in steel manufacturers’ catalogs [29].",19524,19529
15,B50,FLUX_DENSITY,"Meanwhile, the annealed sheet’s texture and 𝜆-fiber inheritance were encouraged by this combined process, raising the magnetic induction intensity B50 to 1.606 T(15).",29720,29723
13,B50,FLUX_DENSITY,"The magnetic ﬂux density linearly decreases with A(⃗h)139,140: B50 = C1 −C2 A(⃗h) (8) where C1 and C2 are material constants depending on the alloying elements and grain size.",71120,71123
13,B50,FLUX_DENSITY,The improvement of the B50 due to a lower RSF is caused by the improvement of the texture.,106508,106511
19,1.0 T,FLUX_DENSITY,"Thin steel sheets are usually classiﬁed in the form of NO20-13, where 20 represents a 0.2 mm sheet and 13 indicates a maximum allowed iron loss of 1.3 W/kg at 1.0 T and 400 Hz.",5407,5412
19,1.5 T,FLUX_DENSITY,"The number 50 represents the hundredfold thickness, thus a 0.5 mm steel with a maximum allowed iron loss of 2.7 W/kg at 1.5 T and 50 Hz.",5028,5033
13,B8,FLUX_DENSITY,Trace Bi (0.0005–0.05%) in GOES can produce ultra high magnetic ﬂux density (B8,35696,35698
21,1.5 T,FLUX_DENSITY,"Hz, W/kg 0 64 Loss at 1.5 T 50 Hz, Wjkg 0.83 Specific apparent power at 1.3 T, VAjkg 0.69 Specific apparent power at 1.5 T, VAjkg 0.94 Coercive force, Ajm 6.4 Saturation induction, T 2.03 IEE PROCEEDINGS, Vol. 137, Pt.",50059,50064
2,BEV,APPLICATION,"Tesla’s 2022 share of global BEV and PHEV sales is about 13.6%, but its U.S. Department of Energy, Critical Materials Assessment 2023 217 share of the EV magnet market is likely 25%–30% given that its motors have more than twice the power of average vehicles modeled (Kane, 2022; Lambert, 2020).",705137,705140
2,HEV,APPLICATION,"Aluminum Lightweighting 156.9–373.0 kg/vehicle EV batteries BEV LDVsa: 39.5–69.5 kg/vehicle PHEV LDVs: 6.3–11.0 kg/vehicle BEV HDVs: 82.9–146 kg/vehicle PHEV HDVs: 13.1–23.0 kg/vehicle Stationary storage batteries Li-ion: 552.5–647.2 kg/MWh NiMH: 37.5–2500 kg/MWh NaS: 36.9–2458 kg/MWh Cobalt EV batteries BEV LDVs: 3.5–14.8 kg/vehicle PHEV LDVs: 0.6–2.3 kg/vehicle BEV HDVs: 7.3–30.9 kg/vehicle PHEV HDVs: 1.2–4.9 kg/vehicle Stationary storage batteries Li-ion: 49.0–137.5 kg/MWh NiMH: 212.5–762.5 kg/MWh Copper Vehicle (EV + ICE) ICE: 8.16E-03 to 2.18E-02 mton EV: HEV = 3.99E-02 mton PHEV = 5.99E-02 mton BEV = 8.30E-02 mton Hybrid electric bus = 8.89E-02 mton Battery electric bus = 3.69E-01 mton (CDA, 2017)",685235,685238
26,IPM,APPLICATION,"[10] Y. Gao, R. Long, Y. Pang, and M. Lindenmo, “Fatigue properties of an electrical steel and design of EV/HEV IPM motor rotors for durability and efﬁciency,” presented at the SAE, Tech.",19885,19888
2,electric vehicle,APPLICATION,Projection of fuel cell electric vehicle demand reflecting the feedback effects between market conditions and market share affected by spatial factors.,440829,440845
2,PHEV,APPLICATION,"4–17 g/vehicle BEV/PHEV/FCEV vans: 6–26 g/vehicle BEV/PHEV/FCEV buses: 9–35 g/vehicle BEV/PHEV/FCEV trucks: 13–52 g/vehicle Wind turbine magnets Direct Drive: 0.0–1.0 kg/MW Hybrid: 0.0–0.3 kg/MW Kumari et al., 2018 Imholte et al., 2018 Habib et al., 2014 Hill, 2010 Constantinides, 2011 Lacal-Arantegui, 2015 Adamas, 2023 Uranium Nuclear 159–187 mt U/GW (World Nuclear Association, 2022)",691141,691145
20,EV,APPLICATION,"Estenlund, S.; Alaküla, M.; Reinap, A. PM-less machine topologies for EV traction: A literature review.",45155,45157
22,IPM,APPLICATION,"In order to satisfy such demands, the interior permanent magnet (IPM) type motor is mainly used in Japan.",3787,3790
2,EV,APPLICATION,"Total sales of all vehicles for 2020, 2021, 2025, and 2030 were estimated based on EV sales and sales shares from IEA (IEA, 2022b).",260640,260642
2,electric power steering,APPLICATION,"They are low-power motors, also known as auxiliary motors, that perform various tasks in a vehicle, ranging from starter motors, electric power steering, oil and fuel U.S. Department of Energy, Critical Materials Assessment 2023 17 pumps, electric seat adjustment, mirror adjustment, window, and sunroof motors.",122635,122658
2,EV,APPLICATION,South Korea's POSCO to build $800m plant for EV steel.,534443,534445
2,EV,APPLICATION,"While existing capacity is able to meet demand for lower-grade NOES, and producers have announced plans to invest in EV-grade NOES in the next 3–5 years, it is still unclear whether supply will be able to meet demand (Vittori et al., 2021).",528421,528423
2,EV,APPLICATION,"The demand for cobalt is expected to rise in the short to medium term due to the increasing demand for lithium-ion batteries, particularly in the EV industry.",500999,501001
10,HEV,APPLICATION,"On the traction motor of an HEV, if the mo­ tor runs idle without drive current while the vehicle is driven by the internal combustion engine, low iron loss is more important for minimizing the power loss during idle running.",4239,4242
2,EV,APPLICATION,The small percentage left over can still meet current demand for energy use in stationary and EV battery storage because the concentrations are currently relatively low.,608944,608946
6,DER transformer,APPLICATION,BAU Intermediate MEPS 2015 MEPS 2021 PK (W) P0 (W) PK (W) P0 (W) PK (W) P0 (W) Distribution transformer (400 kVA) 4.600 750 4.600 430 3.250 387 Industry transformer: oil-immersed (1 MVA) 13.000 1.700 10.500 770 7.600 693 Industry transformer: dry-type (1.25 MVA) 13.000 2.800 11.000 1.800 11.000 1.620 DER transformer: oil-immersed (2 MVA) 21.000 3.100 18.000 1.450 15.000 1.305 DER transformer: dry-type (2 MVA) 18.000 4.000 16.000 2.600 16.000 2.340 Source: De Almeida et al. (2013) Fig.,51301,51316
2,BEV,APPLICATION,"This range yields copper requirements for a BEV bus at 369 kg and 89 kg for a hybrid electric bus (Copper Development Association, 2022a).",120186,120189
2,BEV,APPLICATION,"Phosphorous EV batteries BEV LDVs: 1.3–26.0 kg/vehicle PHEV LDVs: 0.2–4.1 kg/vehicle BEV HDVs: 2.7–54.4 kg/vehicle PHEV HDVs: 0.4–8.6 kg/vehicle Platinum FCEV fuel cells FCEV cars: 0.010–0.018 kg/vehicle FCEV vans: 0.015–0.027 kg/vehicle FCEV buses: 0.019–0.034 kg/vehicle FCEV trucks: 0.030–0.055 kg/vehicle Praseodymium EV magnets BEV/PHEV/FCEV cars: 45–67 g/vehicle BEV/PHEV/FCEV vans: 68–100 g/vehicle BEV/PHEV/FCEV buses: 91–134 g/vehicle BEV/PHEV/FCEV trucks: 136–201 g/vehicle Wind turbine magnets Direct Drive: 21.3–31.9 kg/MW Hybrid: 6.6–9.8 kg/MW Kumari et al., 2018 Imholte et al., 2018 Habib et al., 2014 Hill, 2010 Constantinides, 2011 Lacal-Arantegui, 2015 Silicon Solar 2.9–3.4 kg/kW (Frischknecht, Stolz, Krebs, de Wild-Scholten, and Sinha, 2020) Yield – 60%; most waste is kerf from cutting the ingots (Li, Lin, Wang, Shi, Sun, Ban, Liu, and Chen, 2021) 67% yield according to Frischknecht et al. (2020)",690191,690194
20,generator,APPLICATION,Major REE content in HEVs is due to nickel-metal-hydride (NiMH) batteries and the hybrid transmission (motor and generator),16074,16083
20,HEV,APPLICATION,Permanent magnet SRM Switched reluctance motor IM Induction motor IPM Interior permanent magnet SynRM Synchronous reluctance motor PMaSynRM Permanent magnet assisted synchronous reluctance motor EESM Externally excited synchronous motor REE Rare-earth element LREE Light rare-earth element HREE Heavy rare-earth element HEV Hybrid electric vehicles EPS Environmental priority strategies ELU Environmental load units EU European union REO Rare-earth oxide NGO Non-grain-oriented SMC Soft magnetic composite CNT Carbon nanotubes HTS High temperature superconductors References 1.,37139,37142
20,EV,APPLICATION,"Generally, three classes of EV traction motors are currently considered: (i) PMSMs, (ii) switched reluctance motors (SRMs), and (iii) induction motors (IMs), each characterized by pros and cons [29–32].",8387,8389
10,rotor,APPLICATION,An effec­ tive way to increase the magnetic flux is to narrow the clearance be­ tween the rotor and stator to reduce the magnetic resistance.,2949,2954
22,HEV,APPLICATION,Using JNE-Core as core material of HEV traction motors can reduce the motor size and improve the motor’s torque.,16663,16666
26,rotor core,APPLICATION,"Iron loss was presumed to be generated mainly in stator core, so that the inﬂuence of iron loss of rotor core material would be weak.",12993,13003
26,rotor core,APPLICATION,"Furthermore, the design of the rotor core is also important in enhancing the performance of IPMSM; accordingly, optimization of rotor shape has been extensively investigated by ﬁnite element method (FEM)",3071,3081
19,rotor,APPLICATION,"The torque T is generated by the relative movement of the rotor to the stator and is proportional to the magnetic ﬂux density in the airgap and thus, directly linked to the magnetization behavior of the electrical steel.",8003,8008
31,grain-oriented silicon steel,COMPETING_MATERIAL,"Annealing separator and steel sheet coated with same US4204890 678 11 1978 19.6149 0.38501 0.59897 28 Method of producing non-oriented silicon steel sheets having an excellent electromagnetic property US4174235 697 11 1978 15.3057 0.30042 0.46738 4 Product and method of producing silicon-iron sheet material employing antimony US4242155 716 11 1979 32.7477 0.64278 1 4 Method of forming an insulating ﬁlm on a grain-oriented silicon steel sheet US4280856 752 12 1980 17.1455 0.33654 0.56741 6 Method for producing grain-oriented silicon steel sheets having a very high magnetic induction and a low iron loss US4363677 777 12 1981 30.217 0.59311 1 18 Method for treating an electromagnetic steel sheet and an electromagnetic steel sheet having marks of laser-beam irradiation on its surface US4421574 780 13 1981 10.2212 0.20062 0.89756 8 Method for suppressing internal oxidation in steel with antimony addition US4554029 808 13 1982 11.3878 0.22352 1 11 Local heat treatment of electrical steel US4773948 924 14 1987 13.1473 0.25806 1 7 Method of producing silicon iron sheet having excellent soft magnetic properties US4909864 926 15 1987 8.6317 0.16942 0.84359 3 Method of producing extra-low iron loss grain oriented silicon steel sheets US5082509 1033 15 1990 10.232 0.20084 1 8 Method of producing oriented electrical steel sheet having superior magnetic properties US5039359 1038 15 1990 9.7086 0.19056 0.94885 6 Process for producing grain-oriented electrical steel sheet having superior magnetic characteristic Sustainability 2018, 10, 2728 13 of 15 Patent Number Serial Number Layer Application Year Persistence GP LP Number of In-Domain Forward Citations Title US5223048 1077 16 1991 7.4268 0.14577 0.80023 6 Low iron loss grain oriented silicon steel sheets and method of producing the same US5261971 1114 16 1992 9.2808 0.18217 1 1 Process for preparation of grain-oriented electrical steel sheet having superior magnetic properties US5545263 1169 17 1994 11.0403 0.2167 1 4 Process for production of grain oriented electrical steel sheet having superior magnetic properties US5667598 1249 18 1996 9.7917 0.19219 1 3 Production method for grain oriented silicon steel sheet having excellent magnetic characteristics US5885371 1263 19 1997 14.5 0.28461 1 13 Method of producing grain-oriented magnetic steel sheet US6432222 1404 20 2001 3.5 0.068699 1 5 Method for producing a grain-oriented electrical steel sheet excellent in magnetic properties US6444051 1413 20 2001 3 0.058885 0.85714 3 Method of manufacturing a grain-oriented electromagnetic steel sheet US6811619 1447 21 2002 2 0.039256 1 2 Method of manufacturing grain-oriented electrical steel sheets US7377986 1562 21 2006 2 0.039256 1 2 Method for production of non-oriented electrical steel strip Sustainability 2018, 10, 2728 14 of 15 References 1.",31801,31829
2,GOES,COMPETING_MATERIAL,"It can lower core losses by 60%–70% when compared to GOES (Dabbs, 2023).",525677,525681
13,GOES,COMPETING_MATERIAL,"Therefore, the silicon content in GOES is normally below 3.30%, although 6.5% (the theoretical optimum due to a zero magnetostriction and a minimum loss)3 or higher silicon steels have been investigated in laboratories.34 To form the desired ﬁnal Goss texture in GOES, appro- priate inhibitors need to be precipitated at the right stage, which must be strictly controlled to ensure ﬁne particle size, enough density, proper morphology, and uniform dis-",22167,22171
2,GOES,COMPETING_MATERIAL,"There are two main categories of electrical steel, including one that is grain-oriented (GOES) and another that is non-grain oriented (NOES).",125181,125185
21,grain-oriented steel,COMPETING_MATERIAL,"A typical specification is, for example, 89-27-N5, which indicates a 0.27 mm thick (27) grain-oriented steel (N) whose guaranteed loss at 50 Hz (5), 1.5 T is 0.89 W/kg (89).",33615,33635
13,grain-oriented electrical steel,COMPETING_MATERIAL,J Magn Magn Mater 2006; 304: 183–186. 7. Hayakawa Y. Mechanism of secondary recrystallization of Goss grains in grain-oriented electrical steel.,137948,137979
22,grain-oriented electrical steel,COMPETING_MATERIAL,2430–2435 2433 extremely low in comparison with grain-oriented electrical steel sheet and amorphous alloy.,14532,14563
13,GOES,COMPETING_MATERIAL,"Although NOES has been in use since around 1850, much earlier than GOES (since around 1935), the research on GOES has a longer history and obtained much more attention than NOES.",5404,5408
13,GOES,COMPETING_MATERIAL,Schematic illustration of the GOES processing steps.,25068,25072
13,GOES,COMPETING_MATERIAL,"In this paper, both types of electrical steel, i.e., grain-oriented electrical steel (GOES) and non-oriented electrical steel (NOES), are reviewed bearing in mind that NOES has perhaps received less attention till now.",813,817
13,GOES,COMPETING_MATERIAL,"Although NOES has been in use since around 1850, much earlier than GOES (since around 1935), the research on GOES has a longer history and obtained much more attention than NOES.",5362,5366
2,NdFeB,COMPETING_MATERIAL,"Tesla has announced plans to switch away from NdFeB magnets, likely to use ferrite magnets instead, suggesting some increase in substitutability in the medium term.",519598,519603
13,GOES,COMPETING_MATERIAL,Casting Continuous casting is the main technology currently employed for GOES production.,27160,27164
15,soft magnetic composites,COMPETING_MATERIAL,"Lu K, Liu X, Wang J, Yang T, Xu J. Simultaneous improvements of effective magnetic permeability, core losses and temperature characteristics of Fe-Si soft magnetic composites induced by annealing treatment.",76419,76443
2,GOES,COMPETING_MATERIAL,"GOES is found in stationary equipment such as transformers where the magnetization direction occurs in only one direction (Hayakawa, 2022).",189875,189879
13,GOES,COMPETING_MATERIAL,"GOES processing steps GOES sheets are produced through a complicated proced- ure including casting, high temperature reheating, hot rolling, hot band annealing (normalisation), cold rolling, primary annealing (decarbonisation), and ﬁnal annealing (secondary recrystallisation), see Figure 3.",19837,19841
20,NdFeB,COMPETING_MATERIAL,"Yang, Y.; Walton, A.; Sheridan, R.; Güth, K.; Gauß, R.; Gutfleisch, O.; Buchert, M.; Steenari, B.M.; Van Gerven, T.; Jones, P.T.; et al. REE recovery from end-of-life NdFeB permanent magnet scrap: A critical review.",51002,51007
2,dysprosium,COMPETING_MATERIAL,"Supply Risk: Short term: 3, medium term: 4 Supply risk for dysprosium is high in the short term and especially in the medium term.",519958,519968
2,neodymium iron boron,COMPETING_MATERIAL,The vast majority of EVs being produced today also rely on neodymium iron boron (NdFeB) magnets.,86629,86649
13,grain oriented electrical steel,COMPETING_MATERIAL,Method for manufacturing high magnetic ﬂux density grain oriented electrical steel sheet based on low temperature slab heating method.,142305,142336
13,grain-oriented silicon steel,COMPETING_MATERIAL,Solidiﬁcation structure and segregation of high magnetic induction grain-oriented silicon steel.,145539,145567
13,GOES,COMPETING_MATERIAL,Secondary recrystallisation The most critical processing step in GOES production is the high-temperature batch annealing (secondary recrystallisa- tion) which leads to the AGG of Goss and forming an extremely strong Goss texture.,50660,50664
31,grain-oriented electrical steel,COMPETING_MATERIAL,"Annealing separator and steel sheet coated with same US4204890 678 11 1978 19.6149 0.38501 0.59897 28 Method of producing non-oriented silicon steel sheets having an excellent electromagnetic property US4174235 697 11 1978 15.3057 0.30042 0.46738 4 Product and method of producing silicon-iron sheet material employing antimony US4242155 716 11 1979 32.7477 0.64278 1 4 Method of forming an insulating ﬁlm on a grain-oriented silicon steel sheet US4280856 752 12 1980 17.1455 0.33654 0.56741 6 Method for producing grain-oriented silicon steel sheets having a very high magnetic induction and a low iron loss US4363677 777 12 1981 30.217 0.59311 1 18 Method for treating an electromagnetic steel sheet and an electromagnetic steel sheet having marks of laser-beam irradiation on its surface US4421574 780 13 1981 10.2212 0.20062 0.89756 8 Method for suppressing internal oxidation in steel with antimony addition US4554029 808 13 1982 11.3878 0.22352 1 11 Local heat treatment of electrical steel US4773948 924 14 1987 13.1473 0.25806 1 7 Method of producing silicon iron sheet having excellent soft magnetic properties US4909864 926 15 1987 8.6317 0.16942 0.84359 3 Method of producing extra-low iron loss grain oriented silicon steel sheets US5082509 1033 15 1990 10.232 0.20084 1 8 Method of producing oriented electrical steel sheet having superior magnetic properties US5039359 1038 15 1990 9.7086 0.19056 0.94885 6 Process for producing grain-oriented electrical steel sheet having superior magnetic characteristic Sustainability 2018, 10, 2728 13 of 15 Patent Number Serial Number Layer Application Year Persistence GP LP Number of In-Domain Forward Citations Title US5223048 1077 16 1991 7.4268 0.14577 0.80023 6 Low iron loss grain oriented silicon steel sheets and method of producing the same US5261971 1114 16 1992 9.2808 0.18217 1 1 Process for preparation of grain-oriented electrical steel sheet having superior magnetic properties US5545263 1169 17 1994 11.0403 0.2167 1 4 Process for production of grain oriented electrical steel sheet having superior magnetic properties US5667598 1249 18 1996 9.7917 0.19219 1 3 Production method for grain oriented silicon steel sheet having excellent magnetic characteristics US5885371 1263 19 1997 14.5 0.28461 1 13 Method of producing grain-oriented magnetic steel sheet US6432222 1404 20 2001 3.5 0.068699 1 5 Method for producing a grain-oriented electrical steel sheet excellent in magnetic properties US6444051 1413 20 2001 3 0.058885 0.85714 3 Method of manufacturing a grain-oriented electromagnetic steel sheet US6811619 1447 21 2002 2 0.039256 1 2 Method of manufacturing grain-oriented electrical steel sheets US7377986 1562 21 2006 2 0.039256 1 2 Method for production of non-oriented electrical steel strip Sustainability 2018, 10, 2728 14 of 15 References 1.",32833,32864
2,NdFeB,COMPETING_MATERIAL,NdFeB magnets for EV motors and NdFeB magnets for wind turbine generators.,347034,347039
15,GOES,COMPETING_MATERIAL,"As a result, the hysteresis loops were found to be smaller for AS conditions than the AR for all the tests conducted for magnetic induction, which lowers the GOES material’s power loss.",51660,51664
9,JFE,PRODUCER,"Oda, Y.; Okubo, T.; Takata, M. Recent development of non-oriented electrical steel in JFE steel.",88176,88179
2,ArcelorMittal,PRODUCER,"U.S. Department of Energy, Critical Materials Assessment 2023 37 2.5.3.2 Generators and Transformers There are two major components in a wind turbine that contain electrical steel: the generator and the transformer (ArcelorMittal, n.d.-b).",189165,189178
9,JFE,PRODUCER,JFE Tech.,88187,88190
2,JFE,PRODUCER,"• Most investment announcements by major producers such as Posco, JFE, and ArcelorMittal (Magnetics Business & Technology, 2022) are to increase NOES production capacity over GOES capacity (Hosokawa, 2022; JFE Steel Corporation, 2023), causing a concern for the future supply of GOES.",530752,530755
2,Nippon Steel,PRODUCER,Nippon Steel Technical Report(103).,476010,476022
26,Nippon Steel and Sumitomo Metal,PRODUCER,"IEEE TRANSACTIONS ON MAGNETICS, VOL. 49, NO. 6, JUNE 2013 2997 Application of High-Strength Nonoriented Electrical Steel to Interior Permanent Magnet Synchronous Motor Ichiro Tanaka , Hirokatsu Nitomi , Kenji Imanishi , Kazuo Okamura , and Hiroyoshi Yashiki Steel Research Laboratories, Nippon Steel and Sumitomo Metal Corporation, Amagasaki 660-0891, Japan Wakayama Works, Nippon Steel and Sumitomo Metal Corporation, Wakayama 640-8555, Japan We investigated the torque characteristics and the motor efﬁciency of interior permanent magnet synchronous motors (IPMSM), in which a rotor core consists of high-strength nonoriented electrical steel, as-cold-rolled nonoriented electrical steel, and conventional nonoriented electrical steel with various bridge widths.",374,405
8,Acroni,PRODUCER,"Mater., 234 (2001), 55–61 60 M. Torkar, V. Ur{i~, F. Vode, M. Lamut, Metalurgija, 46 (2007), 161–164 61 A. Jakli~, J. @abkar, D. Steiner Petrovi~, Multivariate analysis of the production parameters for the fabrication of non-oriented electrical steel, Report, Steelwork S@ Acroni, Slovenia, 2006 62 D. Steiner Petrovi~, M. Godec, B. Markoli, M. ^eh, J. Magn.",42367,42373
2,ArcelorMittal,PRODUCER,https://tspace.library.utoronto.ca/handle/1807/70239 ArcelorMittal. (n.d.-a).,396994,397007
13,Nippon Steel,PRODUCER,"The rotation of Goss during cold rolling: (a) formation of the {111}<211> orientations by slip (35° rotation around the TD or <011>), (b) the rotation of Goss during cold rolling as shown on the φ2 = 45° section of the Euler space (Bunge notation), (c) deformation twinning during cold rolling of Goss oriented crystal.91 362 International Materials Reviews 70(5) and MnS as the inhibitors, i.e., the Nippon Steel method.84 Although in both methods, the Goss oriented grains selected for secondary recrystallisation are believed to ori- ginate from the hot rolling process, the two schemes of cold rolling do generate different textures.",45014,45026
21,Nippon Steel,PRODUCER,"However, the stress sensitivity of the laser scribed material was also lower than that of conventional steel and, by 1983, Nippon Steel was producing laser-scribed steels down to 0.23 mm thick, with losses as low as 0.85 W/kg at 1.7 T. The losses of laser-scribed steel are generally 5-8% lower than the untreated high-permeability steel, but care must be exer- cised in the selection of the starting material to obtain the best effect.",30456,30468
18,Nippon Steel,PRODUCER,"[8] Kubota, T; Fujikura, M.; Mizokami, M.; Vshigami, Y: Nippon Steel Technical Report, 81 (2000), 53.",22950,22962
6,AT&M,PRODUCER,A company based in China called Advanced Technology & Materials (AT&M) has production capacity of 40.000 t per year.,36805,36809
22,JFE Steel,PRODUCER,"To solve this problem, JFE Steel has successfully developed a chemical vapor deposition (CVD) process to manufacture thin sheets containing 6.5% Si",12054,12063
13,JFE,PRODUCER,JFE Tech Rep Mar. 2016; 21: 1–6.,157755,157758
2,ArcelorMittal,PRODUCER,ArcelorMittal to Expand Electrical Steel Production in France.,534831,534844
10,Nippon Steel,PRODUCER,"In addition to that, Nippon Steel has obtained a Japan Accred­ itation Board (JAB) certification for JIS standards specifying mag­ netometry, and it is certified that Nippon Steel’s equipment, calibra­ tion, and management are appropriate.",17621,17633
9,Nippon Steel,PRODUCER,"In 1994, Nippon Steel introduced a novel high-permeability steel called HiB [54].",66245,66257
18,Nippon Steel,PRODUCER,"From 1968, the en- ergy loss of transformers was dramatically reduced thanks to new high permeability grain-oriented silicon steel like HI-B grade developed by Nippon Steel",2468,2480
2,voestalpine,PRODUCER,voestalpine Corporate.,466414,466425
2,ArcelorMittal,PRODUCER,ArcelorMittal.,397073,397086
9,Nippon Steel,PRODUCER,Nippon Steel Tech.,93748,93760
10,Nippon Steel,PRODUCER,"Therefore, Nippon Steel has developed new environment-friendly insulating coating, G coating, that does not contain chromium compounds.",8706,8718
21,Kawasaki Steel,PRODUCER,"Kawasaki Steel Company researchers have applied similar surface strains by a plasma flame irradation technique, in which energy transferred from a high-temperature, high-energy gas directed towards the steel causes the required surface conditions [23].",31718,31732
13,JFE,PRODUCER,"Takamiya T, Hanazawa K and Suzuki T. Recent develop- ment of grain-oriented electrical steel in JFE steel.",157744,157747
10,Nippon Steel,PRODUCER,Table 2 compares the iron loss measurement result when a stator core that was made by punching a 50H270 material was tested with a rotating iron loss simulator 12) with the core iron loss value calcu­ lated by an electromagnetic field analysis technique of Nippon Steel.,12484,12496
21,stress relief annealing,PROCESSING,"In applications where the material is deliberately bent or cut to small shapes, stress relief annealing will be necessary.",32977,33000
8,recrystallization,PROCESSING,"The required texture of non-oriented electrical steel sheets can only be obtained by controlling the content of alloying and the trace elements40–44, and the dispersion of precipitates and inclusions45,46, which all influence the the recrystallization and grain growth processes.",28752,28769
13,hot band annealing,PROCESSING,Hou C. Effect of hot band annealing temperature on the mag- netic properties of low-carbon electrical steels.,170438,170456
13,Goss texture,PROCESSING,"Since it is difﬁcult to reduce the grain size while achieving the sharp Goss texture using metallurgical means, non- metallurgical techniques were developed, e.g., making Figure 8.",64451,64463
18,texture,PROCESSING,"Keywords: non-oriented silicon steel, energy conservation, crystalline texture control, high efficiency, non-oriented thin gauge silicon steel, core loss at high frequency, high strength non-oriented thin gauge silicon steel, yield strength, high-speed motor.",1349,1356
13,continuous casting,PROCESSING,Effect of electromagnetic stirring on the solidiﬁcation behavior of high-magnetic-induction grain-oriented silicon steel continuous casting slab.,145389,145407
13,Goss texture,PROCESSING,"However, these routes mostly require secondary recrystallisation to create the cube texture, which is similar to the formation of the Goss texture in GOES.",125512,125524
31,recrystallization,PROCESSING,"The sub-domain of texture control is likely to be effected by development of process shortening techniques because process shortening technique like thin strip casting omits hot rolling stage, and without hot rolling stage ﬁne precipitation of inhibitor materials and secondary recrystallization is deteriorated in conventional steel making process.",27423,27440
13,recrystallisation,PROCESSING,"The rotation of Goss during cold rolling: (a) formation of the {111}<211> orientations by slip (35° rotation around the TD or <011>), (b) the rotation of Goss during cold rolling as shown on the φ2 = 45° section of the Euler space (Bunge notation), (c) deformation twinning during cold rolling of Goss oriented crystal.91 362 International Materials Reviews 70(5) and MnS as the inhibitors, i.e., the Nippon Steel method.84 Although in both methods, the Goss oriented grains selected for secondary recrystallisation are believed to ori- ginate from the hot rolling process, the two schemes of cold rolling do generate different textures.",45111,45128
13,texture,PROCESSING,"It should be stressed that two microstructural character- istics of cold deformation are of paramount importance in determining the ﬁnal microstructure and texture during recrystallisation, i.e., grain fragmentation (subdivision)232 and shear banding.233 Fragmentation of grains into regions of different orientations may provide the initial Figure 20.",113634,113641
13,temper rolling,PROCESSING,"The temper rolling thickness reduction also affects the ﬁnal microstructure, texture, and magnetic prop- erties of semi-processed electrical steel, since the amount of strain induced in the temper rolling process is critical to determining if nucleation occurs (instead of only grain growth), which will dramatically change the ﬁnal texture.",112727,112741
8,texture,PROCESSING,The stability of precipitates in silicon steels depends on the temperature (Figure 10) and it is the greatest for AlN.57 The precipitation of AlN and MnS is used to control the texture development in electrical steel sheets.,30716,30723
13,cold rolling,PROCESSING,"372 International Materials Reviews 70(5) important metallurgical phenomena occur, e.g., work hard- ening, recovery, recrystallisation, precipitation, phase trans- formation, etc., which will affect the deformation behaviour, microstructure, and texture of the steel during the subsequent cold rolling, as well as the ﬁnal microstruc- ture and texture after annealing.",87698,87710
13,hot rolling,PROCESSING,"Goss is generated during hot rolling due to the friction between the steel and rolls, ii) cold rolling rotates Goss to {111}<112>, and iii) Goss reappears during primary recrystallisation.",47404,47415
13,texture,PROCESSING,"It was shown that this rolling scheme could produce signiﬁcantly different cold rolling textures from conven- tional rolling (Figure 21), i.e., drastically increasing the <001>//ND texture while signiﬁcantly reducing the <111>//ND texture at larger skew angles (30°−45°).",110783,110790
18,recrystallization,PROCESSING,The recrystallization texture formation with increasing cold rolling reduction is remarkably affected by the addition of Sn.,12098,12115
13,texture,PROCESSING,Tamimi et al.229 investigated a special processing technique called repetitive bending under tension (R-BUT) on the mechanical properties and texture of a 1.8% Si NOES.,111275,111282
8,recrystallization,PROCESSING,"Namely, during the decarburization annealing of cold-rolled sheets also the recrystallization processes take place that may lead to the generation of texture components unfavorable to the magnetization and thereby adversely affect the magnetic properties of the material.",19603,19620
8,recrystallization,PROCESSING,"The first one, oriented nucleation theory, assumes that nuclei of specific orientations are faster in forming than those of other orientations, and consequently determine the recrystallization texture.",23796,23813
13,texture,PROCESSING,"The smaller this parameter, the higher the magnetic quality of the texture.",12326,12333
13,texture,PROCESSING,Hayakawa Y and Kurosawa M. Orientation relationship between primary and secondary recrystallized texture in electrical steel.,176527,176534
15,texture,PROCESSING,"Meanwhile, the annealed sheet’s texture and 𝜆-fiber inheritance were encouraged by this combined process, raising the magnetic induction intensity B50 to 1.606 T(15).",29605,29612
8,texture evolution,PROCESSING,A combination of metallo- graphic and texture analyses with the measurement of magnetic properties on annealed specimens allows the most important microstructure and texture evolution stages to be distinguished.22,21077,21094
21,recrystallisation,PROCESSING,"pp. 23-29 21 MAY, I.E., and TURNBULL, D.: ’Secondary recrystallisation in silicon iron’, Trans. AIME, 1957,212, pp, 769-781 22 CARLBERG, P.M.: ‘Soft magnetic materials for the electrical industry.",68472,68489
13,hot rolling,PROCESSING,It was also shown that the variation of hot rolling temperature only resulted in a small variation in the hot rolling textures.,93549,93560
22,JNE-Core,GRADE_BRAND,Using JNE-Core as core material of HEV traction motors can reduce the motor size and improve the motor’s torque.,16634,16642
22,JNE-Core,GRADE_BRAND,"The main points of this paper have been able to summarized as follows: (1) Non-oriented steel sheet for energy efﬁcient motors, JNE-Core, has high magnetic ﬂux density, low iron loss, and excellent punchability.",16544,16552
8,DINAMO,GRADE_BRAND,"The main types of non-oriented electrical steels pro- duced in Slovenia, by Acroni d.o.o., Jesenice, are: – Cold-rolled, fully-processed electrical steels – DINAMO, – Cold-rolled, semi-processed electrical steels – ELMAG, – Cold-rolled, fully-processed, high-permeability elec- trical steels – PERMAG FP – Semi-processed, high-permeability, electrical steels – PERMAG SP. 5",6189,6195
22,JNE-Core,GRADE_BRAND,The JNE-Core exhibits a friction torque of about 60% that of the conventional material.,11057,11065
18,35H series,GRADE_BRAND,"35H series \ ,,~ , - : .",4311,4321
8,PERMAG FP,GRADE_BRAND,"The main types of non-oriented electrical steels pro- duced in Slovenia, by Acroni d.o.o., Jesenice, are: – Cold-rolled, fully-processed electrical steels – DINAMO, – Cold-rolled, semi-processed electrical steels – ELMAG, – Cold-rolled, fully-processed, high-permeability elec- trical steels – PERMAG FP – Semi-processed, high-permeability, electrical steels – PERMAG SP. 5",6326,6335
8,ELMAG,GRADE_BRAND,"The main types of non-oriented electrical steels pro- duced in Slovenia, by Acroni d.o.o., Jesenice, are: – Cold-rolled, fully-processed electrical steels – DINAMO, – Cold-rolled, semi-processed electrical steels – ELMAG, – Cold-rolled, fully-processed, high-permeability elec- trical steels – PERMAG FP – Semi-processed, high-permeability, electrical steels – PERMAG SP. 5",6247,6252
22,JNE-Core,GRADE_BRAND,"(2) JNE-Core shows low hysteresis loss, therefore it can reduce the friction torque of an EPS motor.",16745,16753
13,NKB-CORE,GRADE_BRAND,Ultra-low Sulfur non- oriented electrical steel sheets for highly efﬁcient motors: NKB-CORE.,166292,166300
22,JNE-Core,GRADE_BRAND,"8 shows the friction torque of brush DC motors, which were fabricated by using JNE-Core [4].",10923,10931
8,PERMAG SP,GRADE_BRAND,"The main types of non-oriented electrical steels pro- duced in Slovenia, by Acroni d.o.o., Jesenice, are: – Cold-rolled, fully-processed electrical steels – DINAMO, – Cold-rolled, semi-processed electrical steels – ELMAG, – Cold-rolled, fully-processed, high-permeability elec- trical steels – PERMAG FP – Semi-processed, high-permeability, electrical steels – PERMAG SP. 5",6393,6402
22,JNE-Core,GRADE_BRAND,"The hysteresis loss of the JNE-Core, shown in Fig. 7, has been decreased by optimizing ferrite grain size ARTICLE IN PRESS 40",9620,9628
26,EN 10106,STANDARD,The equivalent grade is M300-35A and M300- 35A5 in accordance with EN 10106 (2007) and IEC 60404-8-4 (1998).,5974,5982
6,EN 50464-1,STANDARD,"For distri- bution transformers used by industry (dry-type), as well as in distributed generation, the MEPS in 2015 are derived from the top values in EN 50464-1, and the proposed MEPS for 2021 are at A0-10 %Ak based on the LLCC values.",46901,46911
10,IEC 60404-2,STANDARD,Property values of non-oriented electrical steel sheets are evalu­ ated in accordance with IEC 60404-2 (“Methods of measurement of the magnetic properties of electrical steel strip and sheet by means of an Epstein frame”).,16824,16835
6,EN 50464-1,STANDARD,"The two main documents which describe losses in transformers are the European Standard EN 50464-1 (oil-immersed) and EN 50541-1 (dry-type), which soon both will be substituted with a new European standards EN 50588-1 (Colla 2014).",11829,11839
15,GB20052-2020,STANDARD,The Chinese Standardization Administration released the mandatory standard which states ”Minimum allowable value of energy efficiency and the energy efficiency grades for power transformers” (GB20052-2020) https://www.indjst.org/ 4272 Momin / Indian Journal of Science and Technology 2024;17(41):4270–4286 in an effort to lower transformer losses.(9).,14763,14775
9,IEC 60404-2,STANDARD,IEC 60404-2; Magnetic Materials—Part 2: Methods of Measurement of the Magnetic Properties of Electrical Steel Strip and Sheet by Means of an Epstein Frame.,82883,82894
26,IEC 60404-8-4,STANDARD,The equivalent grade is M300-35A and M300- 35A5 in accordance with EN 10106 (2007) and IEC 60404-8-4 (1998).,5994,6007
10,IEC 60404-2,STANDARD,"In accordance with international standard measurement method IEC 60404-2, the magnetic properties of an electrical steel sheet are measured under ideal conditions of a uniform alternating magnetic field in a prescribed one direction, no stress, and a sinusoidal mag­ netic flux density.",9341,9352
9,ASTM A976,STANDARD,"ASTM A976-18; Standard Classiﬁcation of Insulating Coatings for Electrical Steels by Composition, Relative Insulating Ability and Application.",89033,89042
13,ASTM A976,STANDARD,ASTM A976:,178050,178059
15,VSM,TEST_METHOD,Flowchart of Mn-Zn ferrites processing (17) 3 Overview Results and Findings 3.1 Inclusions and their impact on magnetic behavior Figure 3 displays the results from the vibrating samples magnetometer (VSM).,42599,42602
13,EBSD,TEST_METHOD,"Since the mechanisms governing the formation of the microstructure and texture of the ﬁnal steel sheets are still not completely understood, much effort should be made to understand these processes using advanced characterisation techniques, e.g., using in-situ EBSD to help understand how the initial nuclei evolve to form the ﬁrst crystals during early stage of recrystallisation and how crystals with different orientations grow at high temperatures, and using In-situ TEM to evalu- ate the change of dislocation density and the diffusion of elements during the recrystallisation process.",131119,131123
13,Epstein frame,TEST_METHOD,"Effect of strip width on the magnetic properties of a 3.3% Si NOES (0.2 mm) as measured by Epstein frame method: (a) core loss, (b) relative magnetic permeability.",133245,133258
19,X-ray diffraction,TEST_METHOD,"For texture measurements, an X-ray diffraction was performed.",17075,17092
15,EBSD,TEST_METHOD,"and it was fitted with an Electron Back Scattering Diffraction detector (EBSD), which was used to find orientation image maps.",28439,28443
19,single sheet tester,TEST_METHOD,"The low frequency single sheet tester had 115 primary and secondary windings, whereas the high frequency single sheet tester had 25 windings each.",15766,15785
8,EBSD,TEST_METHOD,In EBSD a stationary electron beam strikes a tilted crystalline sample and the diffracted electrons form a pattern on a fluorescent screen.,22618,22622
9,Epstein square,TEST_METHOD,"In the worst-case scenario, although highly reproducible, the loss indicated by the Epstein square may deviate by 5–10% from the absolute value.",17488,17502
8,EBSD,TEST_METHOD,"Using EBSD it was possible to determine that the mictrotextures of silicon steel sheets containing copper D. STEINER PETROVI^: NON-ORIENTED ELECTRICAL STEEL SHEETS 322 Materiali in tehnologije / Materials and technology 44 (2010) 6, 317–325 Figure 8: The surface segregation of Cu in Fe-Si-Al alloys38,39 Slika 8: Povr{inska segregacija Cu v zlitini Fe-Si-Al38,39 Figure 6: SE image of the surface reconstruction during the heating of a selenium-doped FeSi alloy37 Slika 6: SE-posnetek rekonstruirane povr{ine med `arjenjem zlitine FeSi, legirane s selenom37 Figure 7: Resistive heating of a steel sample in the ultra-high vacuum of an Auger spectrometer for in-situ studies of surface-segregation phenomena; Institute of Metals and Technology, Ljubljana.38 Slika 7: Elektrouporovno gretje vzorca v ultravisokem vakuumu Augerjevega spektrometra, kar omogo~a in-situ analizo procesov segregacije; In{titut za kovinske materiale in tehnologije, Ljubljana.38 had fewer crystal grains oriented with the easy axis of magnetization and that grains with hard orientations were more numerous (Figure 9)40.",27426,27430
8,EBSD,TEST_METHOD,"A very exciting EBSD output is an ""orientation map"", which is a quantitative depiction of the microstructure in terms of its orientation consti- tuents23.",22476,22480
8,EBSD,TEST_METHOD,321 Figure 5: EBSD Orientation map of the microstructure of non-oriented electrical steel sheet (using coloring)15 Slika 5: EBSD-prikaz orientacije feritnih zrn mikrostrukture neorientirane elektroplo~evine (z uporabo barvne lestvice)15 oriented nucleation.,24204,24208
13,Epstein frame,TEST_METHOD,"Each of the cutting, stacking, bonding/interconnecting, and shrink ﬁtting processes is known to lead to additional core losses, especially for machines having small sizes.251 It has been shown that the differences in core loss between the results provided by the steel manufacturers and those measured on the ﬁnal assembled soft magnetic core can reach more than 40%.252 Figure 25 shows the effect of strip width on the magnetic properties of NOES sheets as measured by Epstein frame tests.",129568,129581
15,SST,TEST_METHOD,"As shown in Figure 1, a fabricated aluminum frame measuring 334.2 × 200 × 50.8 mm was constructed and fastened at SST in order to exert compressive stress.",26346,26349
13,X-ray diffraction,TEST_METHOD,"It is shown by X-ray diffraction that grains with the Goss orien- tation store the highest strain energy in the deformed matrix, thus the rate of nucleation by subgrain growth, recovery and recrystallisation of the Goss is the fastest.5",47881,47898
10,rotating iron loss simulator,TEST_METHOD,Table 2 compares the iron loss measurement result when a stator core that was made by punching a 50H270 material was tested with a rotating iron loss simulator 12) with the core iron loss value calcu­ lated by an electromagnetic field analysis technique of Nippon Steel.,12358,12386
9,Epstein test,TEST_METHOD,"Consequently, it is vital to ensure that these additional losses do not undermine the improvements achieved in the fundamental physical characteristics assessed using the Epstein test.",17905,17917
19,single sheet tester,TEST_METHOD,"The low frequency single sheet tester had 115 primary and secondary windings, whereas the high frequency single sheet tester had 25 windings each.",15853,15872
9,Epstein frame,TEST_METHOD,"[CrossRef] 25. Marketos, P.; Zurek, S.; Moses, A.J. Calculation of the mean path length of the Epstein frame under non-sinusoidal excitations using the double Epstein method.",83355,83368
9,Epstein square,TEST_METHOD,"These steels are primarily used in AC magnetic environments, and their magnetic properties are evaluated through testing under time-varying magnetic ﬂux densities and sinusoidal waveforms, with maximum values of 1.5 or 1.7 tesla at 50 or 60 Hz, using methods such as the IEC Epstein square or the (SST)",16739,16753
10,rotating iron loss simulator,TEST_METHOD,Figure 8 shows iron loss 11) measured by our unique rotating iron loss simulator.,10648,10676
15,SST,TEST_METHOD,"With regard to the magnetic measurements, a Soken tester called a single sheet tester (SST), a model specified as DAC-BHW-5, was used to magnetize the samples in a rolling direction.",33801,33804
15,SST,TEST_METHOD,"With the use of a pick-up coil, a Soken tester called Single Sheet Tester (SST), was applied to the magnetic field (H) and noted the magnetic induction (B).",25426,25429
13,Epstein frame,TEST_METHOD,"Strips with width smaller than 30 mm contain 2 (15 mm each), 3 (10 mm each), and 6 (5 mm each) smaller strips and are glued together to make 30 mm strips for standard Epstein frame testing.",133485,133498
8,EBSD,TEST_METHOD,The experimental technique used nowadays to determine crystallographic information in non-oriented electrical steel sheets and other materials as well is EBSD (Electron Backscatter Diffraction) in a scanning electron microscope (SEM).,21983,21987
15,EBSD,TEST_METHOD,"Using an electron backscattered diffraction (EBSD) scanner and a scanning electron microscope, the effects of hot band annealing on the inclusions, texture, and magnetic properties of a 0.3 mm thick sheet of 2.97% silicon - 0.59% aluminum non-",13494,13498
9,HiB,OOS_GRADE,Oriented steels can be further subdivided into grain-oriented (GO) and high-permeability (HiB) steels,27451,27454
9,HiB,OOS_GRADE,The grain size of the HiB steel increased signiﬁcantly from 0.3 mm to 1 cm [100].,66804,66807
22,gradient Si steel,OOS_GRADE,10 shows the schematic diagram of silicon proﬁle in a cross section of gradient Si steel.,14951,14968
13,high silicon steel,OOS_GRADE,"Although a considerable amount of literature in this area can be found, the brittleness of the high silicon steel at room temperature has not been resolved.",132914,132932
22,gradient Si steel,OOS_GRADE,"In gradient Si steel, the magnetostriction of the surface layer is lower than that of the core, so when gradient Si steel is magnetized an internal stress is induced.",15618,15635
22,6.5%Si steel,OOS_GRADE,5 10 15 20 25 W10/400 6.5%Si steel Gradient Si steel Iron loss (W/kg) Thickness:0.10mm W0.5/20k W1/10k W2/5k W5/2k Fig.,17946,17958
22,6.5% Si steel,OOS_GRADE,11 shows the iron loss of the gradient Si steel sheet in comparison with 6.5% Si steel.,15296,15309
22,6.5% Si steel,OOS_GRADE,Table 1 shows magnetic properties of 6.5% Si steel.,12221,12234
22,gradient Si steel,OOS_GRADE,"However, the eddy current loss of the gradient Si steel sheet is lower than that of 6.5% Si steel sheet.",15876,15893
13,high silicon steel,OOS_GRADE,"The rotated Goss texture is not a common rolling texture for NOES, and its appearance may be attributed to the phase transformation of the low silicon steel (which may not occur in high silicon steel), or to the original {110} texture after strip casting.247 Mehdi et al.248 used the inclined rolling technique224 to intentionally create a rotated Goss texture by rotating the hot band around the ND for 55°−60°, and then cold rolled the steel to 50–80% reduction.",124012,124030
22,gradient Si steel,OOS_GRADE,"This is because that magnetic ﬂux has been increased at the sheet surface in gradient Si steel, thereby effectively reducing eddy current loss as a result of the skin effect created by the compositional difference.",16020,16037
9,HiB,OOS_GRADE,"In 1994, Nippon Steel introduced a novel high-permeability steel called HiB [54].",66308,66311
22,gradient Si steel,OOS_GRADE,11 shows the iron loss of the gradient Si steel sheet in comparison with 6.5% Si steel.,15253,15270
22,6.5% Si steel,OOS_GRADE,25 30 35 40 45 50 55 60 65 0.2 0.4 0.6 0.8 1.0 Noise level (dB) Magneticflux density (T) (0.1mm) (0.1mm) 6.5% Si steel electrical steel Grain oriented (0.025mm) Amorphous Fig.,14307,14320
9,high silicon steel,OOS_GRADE,"[CrossRef] 12. Ouyang, G.; Chen, X.; Liang, Y.; Macziewski, C.; Cui, J. Review of Fe-6.5 wt%Si high silicon steel—A promising soft magnetic material for sub-kHz application.",80697,80715
15,R130-27,OOS_GRADE,"Commercial-oriented electrical steel grades R130-27 and H110-0.27 are employed; going forward, they will be referred for testing as two different grades i.e. A and B, respectively.",32680,32687
9,HiB,OOS_GRADE,"Despite the larger grain size, the HiB steel exhibited high permeability, making it a promising choice for various applications where magnetic efﬁciency is essential.",66899,66902
9,HiB,OOS_GRADE,"In contrast with Goss steel, the manufacturing process for HiB steel involved just one cold- rolling reduction.",66377,66380
22,gradient Si steel,OOS_GRADE,12 shows hyster- esis loss and eddy current loss of 6.5% Si steel and gradient Si steel.,15501,15518
18,HI-B,OOS_GRADE,"From 1968, the en- ergy loss of transformers was dramatically reduced thanks to new high permeability grain-oriented silicon steel like HI-B grade developed by Nippon Steel",2444,2448
22,6.5% Si steel,OOS_GRADE,"W10/50 W10/400 W1/10k 6.5% Si steel 0.10 1.80 0.51 5.7 8.3 23,000 0.1 Grain-oriented electrical steel sheet Si 3 wt% 0.10 2.00 0.72 7.2 18.0 24,000 0.8 0.23 2.00 0.29 7.8 30.0 92,000 Non-oriented electrical steel sheet Si 3 wt% 0.20 2.00 0.74 10.4 24.0 15,000 7.8 0.35 2.00 0.70 14.4 33.0 18,000 Fe-based amorphous 0.025 1.50 0.11 1.5 3.0 300,000 27 EPS type: column Motor type: brush DC 50A1000 50A700 50JNE300 0.0 0.2 0.4 0.6 1.0 0.8 1.2 Friction torque (50A1000=1)",13641,13654
22,gradient Si steel,OOS_GRADE,The gradient Si steel is suitable for high-speed motors for electric and hybrid electric vehicles and high-frequency reactors for boost converters.,16162,16179
22,6.5% Si steel,OOS_GRADE,"(4) The 6.5% Si steel sheet possesses an almost zero magnetostriction, making it possible to realize a large reduction in audible noise in high-frequency reactors.",16993,17006
22,6.5%Si steel,OOS_GRADE,0 2 4 6 8 10 12 Hysteresis loss Eddy current loss Iron loss (W/kg) W1/10k W0.5/20k 6.5%Si steel Gradient Si steel 6.5%Si steel Gradient Si steel Fig.,18178,18190
13,Hi-B,OOS_GRADE,Primary recrystallization beha- viors of Hi-B steel with lower initial nitrogen produced by the thin slab casting and rolling process.,146495,146499
